task_code,status_code,wbs_id,task_name,pred_list,succ_list,start_date,end_date,delete_record_flag
Activity ID,Activity Status,WBS Code,Activity Name,(*)Predecessors,(*)Successors,(*)Start,(*)Finish,Delete This Row
DM-NCSA-27,Not Started,LSST BL 18-03.02C.07,Deliver header service code,DM-12288,LSST-1160,,12/29/2017 5:00:00 PM,
DM-NCSA-28,Not Started,LSST BL 18-03.02C.07,IIP control code,DM-11841,"DM-NCSA-29, LSST-1190",,9/29/2017 5:00:00 PM,
DM-NCSA-1,Not Started,LSST BL 18-03.02C.07,Provide regular reprocessing service for HSC data,DM-DRP-1,"DM-NCSA-2, LDM-503-02",,5/31/2017 5:00:00 PM,
DM-NCSA-2,Not Started,LSST BL 18-03.02C.07,Provide access to results of regular reprocessing (NB the form this takes depends upon available DAX functionality),DM-NCSA-1,"LDM-503-02, DM-SUIT-5",,5/31/2017 5:00:00 PM,
DM-NCSA-3,Not Started,LSST BL 18-03.02C.07,"Provide database for metadata, provenance, location and demonstrate ingest at small scale",DM-DAX-5,"DM-NCSA-4, DM-DRP-2, LDM-503-02, DM-SUIT-5",,11/30/2017 5:00:00 PM,
DM-NCSA-29,Not Started,LSST BL 18-03.02C.07,Deliver IIP image client code,"DM-NCSA-28, DM-11702",LSST-1200,,12/29/2017 5:00:00 PM,
DM-NCSA-4,Not Started,LSST BL 18-03.02C.07,"Minimal support for the small operational schema including file metadata and provenance for every file, and record of in","DM-NCSA-3, LDM-503-02",LDM-503-04,,11/30/2017 5:00:00 PM,
DM-NCSA-5,Not Started,LSST BL 18-03.02C.07,"Level 1 archiving system able to acquire pixel data from the Aux Tel DAQ, header metadata via OCS, assemble FITS image,","DM-11842, DM-11711, DM-12830",LDM-503-04b,,3/30/2018 5:00:00 PM,
DM-NCSA-6,Not Started,LSST BL 18-03.02C.07,"Ability to transfer files originating from Tucson to NCSA and ingest files at NCSA, including metadata and provenance",DM-12834,LDM-503-04b,,3/5/2018 5:00:00 PM,
DM-NCSA-7,Not Started,LSST BL 18-03.02C.07,Capability to paint displays for Tucson and NCSA,DM-12837,LDM-503-04b,,3/30/2018 5:00:00 PM,
DM-NCSA-30,Not Started,LSST BL 18-03.02C.07,EFD Transformation Service,"DM-DAX-11, NCSA-LDFS-FY18b",LSST-1220,,9/28/2018 5:00:00 PM,
DM-NCSA-31,Not Started,LSST BL 18-03.02C.07,Transformed EFD database,"DM-DAX-11, NCSA-DCITS-FY18b",LSST-1220,,9/28/2018 5:00:00 PM,
DM-NCSA-8,Not Started,LSST BL 18-03.02C.07,Test instance of feeds to LSST mini broker in online (live stream) and offline (replaying from files) modes,NCSA-ITCF-FY18b,"DM-AP-6, LDM-503-05",,5/31/2018 5:00:00 PM,
DM-NCSA-9,Not Started,LSST BL 18-03.02C.07,Test instance of alert distribution hosting service and L1 database in Development & Integration Enclave,"DM-DAX-6, NCSA-LDFS-FY18b, NCSA-DCITS-FY18b, NCSA-ITCF-FY18b","DM-AP-6, LDM-503-05",,5/31/2018 5:00:00 PM,
DM-NCSA-10,Not Started,LSST BL 18-03.02C.07,Sustained archiving service that is OCS commandable,NCSA-LDFS-FY18b,LDM-503-06,,6/22/2018 5:00:00 PM,
DM-NCSA-11,Not Started,LSST BL 18-03.02C.07,"Verified acquisition of raw and crosstalk-corrected exposures at raft scale, incl. correct metadata",F18F,LDM-503-06,,11/30/2018 5:00:00 PM,
DM-NCSA-12,Not Started,LSST BL 18-03.02C.07,EFD ETL Service,"LSST-1220, NCSA-LDFS-FY18b","DM-SQRE-2, LDM-503-08",,9/28/2018 5:00:00 PM,
DM-NCSA-13,Not Started,LSST BL 18-03.02C.07,Header Writing Service for Spectrograph use case,"NCSA-LDFS-FY19a, NCSA-RPS-FY19a, NCSA-ITCF-FY19a",LDM-503-08,,11/30/2018 5:00:00 PM,
DM-NCSA-14,Not Started,LSST BL 18-03.02C.07,"Data Backbone endpoints in Chile for ingestion and access, distribution over WAN, ingest at NCSA into custodial file sto","NCSA-DCITS-FY18b, NCSA-LDFSS-FY18b",LDM-503-08,,9/28/2018 5:00:00 PM,
DM-NCSA-15,Not Started,LSST BL 18-03.02C.07,Batch Processing Service for offline spectrograph data processing,"NCSA-LDFS-FY19a, NCSA-RPS-FY19a, NCSA-DCITS-FY19a, NCSA-LDFSS-FY19a, NCSA-ITCF-FY19a",LDM-503-08,,11/30/2018 5:00:00 PM,
DM-NCSA-16,Not Started,LSST BL 18-03.02C.07,Perform ISR processing on ComCam-scale data.,"DM-DRP-1, NCSA-LDFS-FY19a",LDM-503-09,,11/30/2018 5:00:00 PM,
DM-NCSA-17,Not Started,LSST BL 18-03.02C.07,"QA on WCS, PSF, etc returned to Observatory using JupyterLab",NCSA-DCITS-FY19a,LDM-503-09,,11/30/2018 5:00:00 PM,
DM-NCSA-18,Not Started,LSST BL 18-03.02C.07,Validated disaster repsonse recovery for data and calibration products,F18F,LDM-503-09,,11/30/2018 5:00:00 PM,
DM-NCSA-19,Not Started,LSST BL 18-03.02C.07,8x7 incident response system,NCSA-DCITS-FY19a,LDM-503-09,,11/30/2018 5:00:00 PM,
DM-NCSA-20,Not Started,LSST BL 18-03.02C.07,ComCam Archiving Service,NCSA-LDFS-FY19b,LDM-503-11a,,9/30/2019 5:00:00 PM,
DM-NCSA-21,Not Started,LSST BL 18-03.02C.07,"L1 Offline Processing Service, Raft Scale, ComCam",NCSA-LDFS-FY20a,,,3/31/2020 5:00:00 PM,
DM-NCSA-22,Not Started,LSST BL 18-03.02C.07,Information in consolidated database available to QA portal,"NCSA-LDFS-FY20a, NCSA-DCITS-FY20a, NCSA-RPS-FY20a",,,3/31/2020 5:00:00 PM,
DM-NCSA-23,Not Started,LSST BL 18-03.02C.07,Operational processes for preparing for & producing a data release defined and tested,F20F,"DM-NCSA-24, LDM-503-13",,11/30/2020 5:00:00 PM,
DM-NCSA-24,Not Started,LSST BL 18-03.02C.07,Production batch service for data release processing,"DM-NCSA-23, NCSA-RPS-FY20b, NCSA-LDFSS-FY20b",LDM-503-15,,11/30/2020 5:00:00 PM,
DM-NCSA-25,Not Started,LSST BL 18-03.02C.07,Demonstrate operational coordination with and processing at satellite CC-IN2P3 satellite computing facility,NCSA-RPS-FY20b,LDM-503-15,,9/30/2020 5:00:00 PM,
DM-NCSA-26,Not Started,LSST BL 18-03.02C.07,Demonstrate full delivery of Data Facility ConOps,S22F,LDM-503-16,,5/31/2022 5:00:00 PM,
DMTC-4500-0010,Not Started,LSST BL 18-03.02C.07,Start NCSA S18,DMTC-4500-0560,"DMTC-6900-1000, DMTC-6900-2000, DMTC-6900-3000, DMTC-6900-4000, DMTC-6900-5000, DM-12276, DM-12277,",10/2/2017 8:00:00 AM,,
DLP-864,Not Started,LSST BL 18-03.02C.07.00.01,Coordination with NCSA/CC-IN2P3 JCC,"DMTC-4500-0505, DMTC-4500-0560",,,11/30/2017 5:00:00 PM,
DLP-469,Not Started,LSST BL 18-03.02C.07.00.01,Coordination with NCSA/CC-IN2P3 JCC,DM-3784,,,2/24/2016 5:00:00 PM,
DLP-356,Not Started,LSST BL 18-03.02C.07.00.01,Set up Joint Coordination Council (JCC) for coordination with satellite processing center,DM-3216,DM-3784,,8/26/2015 5:00:00 PM,
DLP-355,Not Started,LSST BL 18-03.02C.07.00.01,Establish MOA with CC-IN2P3 satellite processing center,DMTC-4500-0300,DM-3784,,8/31/2015 5:00:00 PM,
DLP-358,Not Started,LSST BL 18-03.02C.07.01,Refinement of facility integration plan and traceability of science and operational requirements,"DM-3785, DLP-357",DM-5612,,2/24/2016 5:00:00 PM,
DLP-357,Not Started,LSST BL 18-03.02C.07.01,Initial refinement of facility integration plan,DM-3003,DLP-358,,9/29/2015 5:00:00 PM,
DLP-847,Not Started,LSST BL 18-03.02C.07.01.01,Meet camera DAQ/OCS milestones for FY16,DMTC-0000-0030,"CAMM6070, F17F",,11/30/2016 5:00:00 PM,
DLP-368,Not Started,LSST BL 18-03.02C.07.01.01,Initial AP DMCS,F17F,S18S,,11/30/2017 5:00:00 PM,
DLP-366,Not Started,LSST BL 18-03.02C.07.01.01,Mid-scale processing of eligible camera data,DMTC-0000-0030,F17F,,11/30/2016 5:00:00 PM,
DLP-364,Not Started,LSST BL 18-03.02C.07.01.01,Build prototype production sequence for the DMCS,DM-3750,DLP-566,,2/24/2016 5:00:00 PM,
DLP-361,Not Started,LSST BL 18-03.02C.07.01.01,"Build prototype AP DMCS, including events",DM-3216,DM-3750,,8/26/2015 5:00:00 PM,
DLP-360,Not Started,LSST BL 18-03.02C.07.01.01,Prepare for OCS Middleware integration with AP DMCS,DM-1187,DMTC-4600-0190,,11/21/2014 3:24:00 PM,
DLP-359,Not Started,LSST BL 18-03.02C.07.01.01,Improve fault tolerance in AP simulator,DM-1120,DMTC-4600-0190,,11/19/2014 2:36:00 PM,
DLP-389,Not Started,LSST BL 18-03.02C.07.01.03.02,"Implement advanced logging functionality, including event-based logging",DM-3003,DLP-566,,9/29/2015 5:00:00 PM,
DLP-850,Not Started,LSST BL 18-03.02C.07.02.02,Prototype authentication/authorization system complete,DM-3838,DLP-406,,2/22/2016 5:00:00 PM,
DLP-406,Not Started,LSST BL 18-03.02C.07.02.02,System to on-board community users,"DLP-850, DLP-405, F17F",S18S,,11/30/2017 5:00:00 PM,
DLP-405,Not Started,LSST BL 18-03.02C.07.02.02,Investigate CAS integration with Internet2 AAA tools,DM-3838,DLP-406,,2/22/2016 5:00:00 PM,
DLP-404,Not Started,LSST BL 18-03.02C.07.02.02,Identify candidate security packages,DM-2240,DM-3838,,8/31/2015 5:00:00 PM,
DLP-412,Not Started,LSST BL 18-03.02C.07.02.04,Monitor development cluster,"DMTC-0000-0030, DLP-411",,,11/30/2016 5:00:00 PM,
DLP-411,Not Started,LSST BL 18-03.02C.07.02.04,Monitor OpenStack,DM-2212,DLP-412,,2/5/2016 5:00:00 PM,
DLP-410,Not Started,LSST BL 18-03.02C.07.02.04,Implement Puppet for system configuration management,DM-2217,DM-2212,,8/31/2015 5:00:00 PM,
DLP-415,Not Started,LSST BL 18-03.02C.07.02.05,"Evaluate iRODS, Datacat, and similar file system management technologies",DM-2215,DM-3762,,8/31/2015 5:00:00 PM,
DLP-400,Not Started,LSST BL 18-03.02C.07.02.01,Refactor basic event services,DM-2208,DLP-556,,5/28/2015 5:00:00 PM,
DLP-422,Not Started,LSST BL 18-03.02C.07.03,Evaluate OpenStack as a development environment,DM-1259,DM-2239,,1/29/2015 2:36:00 PM,
DLP-424,Not Started,LSST BL 18-03.02C.07.03.01,Integration of DevOps to OpenStack,DMTC-5400-0500,DMTC-5400-0505,,2/29/2016 5:00:00 PM,
DLP-423,Not Started,LSST BL 18-03.02C.07.03.01,DevOps assessment,DMTC-5400-0300,DMTC-5400-0500,,8/31/2015 5:00:00 PM,
DLP-853,Not Started,LSST BL 18-03.02C.07.04,Refresh sizing model,DLP-471,,,2/24/2016 5:00:00 PM,
DLP-471,Not Started,LSST BL 18-03.02C.07.04,Refresh sizing model,DM-3853,DLP-853,,2/24/2016 5:00:00 PM,
DLP-431,Not Started,LSST BL 18-03.02C.07.04,Refinement of facility integration plan and traceability of science and operational requirements,DM-2042,DM-5625,,2/24/2016 5:00:00 PM,
DLP-430,Not Started,LSST BL 18-03.02C.07.04,Initial refinement of facility integration plan,DM-2224,DMTC-6700-0100,,8/31/2015 5:00:00 PM,
DLP-459,Not Started,LSST BL 18-03.02C.07.04.05,Qserv capability to hold data reduced at NCSA,F17F,S18S,,11/30/2017 5:00:00 PM,
DLP-458,Not Started,LSST BL 18-03.02C.07.04.05,Ingest of bulk data from real cameras to ComCam scale,F17F,S18S,,11/30/2017 5:00:00 PM,
DLP-457,Not Started,LSST BL 18-03.02C.07.04.05,Support runs on real cameras data and ImSim data,F17F,,,11/30/2017 5:00:00 PM,
DLP-452,Not Started,LSST BL 18-03.02C.07.04.05,Support datasets on basic file system infrastructure with apropos policies,DM-3832,,,1/22/2016 1:48:00 PM,
DLP-451,Not Started,LSST BL 18-03.02C.07.04.05,Deploy OpenStack capability,DM-2211,DM-1274,,7/30/2015 5:00:00 PM,
DLP-450,Not Started,LSST BL 18-03.02C.07.04.05,Support lsst-dev for developers,DM-1271,DM-2218,,2/2/2015 11:12:00 AM,
DLP-449,Not Started,LSST BL 18-03.02C.07.04.05,Upgrade storage server hardware,DM-1271,DM-2218,,2/2/2015 11:12:00 AM,
DLP-442,Not Started,LSST BL 18-03.02C.07.04.03,Procure infrastructure for Base Center to meet FY18 goals,F17F,DMTC-6500-0150,,11/30/2017 5:00:00 PM,
DLP-441,Not Started,LSST BL 18-03.02C.07.04.03,Base Center requirements document,"DM-1262, DM-2218",DM-3851,,5/29/2015 5:00:00 PM,
DLP-433,Not Started,LSST BL 18-03.02C.07.04.01,Procure infrastructure for Archive Center to FY18 scale,F17F,,,11/30/2017 5:00:00 PM,
DLP-465,Not Started,LSST BL 18-03.02C.08.01,Install networking for normal Base Center operations for full-camera scale,"DMTC-6800-0705, F20F",LSST-1580,,11/30/2020 5:00:00 PM,
DLP-464,Not Started,LSST BL 18-03.02C.08.01,Install networking for normal Base Center operations for ComCam scale,"DMTC-6800-0505, F18F","DLP-38, DM-NET-5, DM-NET-4",,11/30/2018 5:00:00 PM,
DLP-468,Not Started,LSST BL 18-03.02C.08.02,Provide networking for formal Chilean DAC production at full-camera scale,"DMTC-6800-0705, F20F",DMTC-6800-0805,,11/30/2020 5:00:00 PM,
DLP-467,Not Started,LSST BL 18-03.02C.08.02,Install networking for full-camera-scale Chilean DAC serving on order 80 people,"DMTC-6800-0705, F20F",DMTC-6800-0805,,11/30/2020 5:00:00 PM,
DLP-466,Not Started,LSST BL 18-03.02C.08.02,Install networking for ComCam-scale Chilean DAC serving on order 20 people,"DMTC-6800-0505, DMTC-7400-2270, F18F",LSST-1580,,11/30/2018 5:00:00 PM,
DM-NET-3,Not Started,LSST BL 18-03.02C.08.03.01,Initial Network Ready (Summit),T&SC-2600-1545,,,3/5/2018 5:00:00 PM,
DM-NET-4,Not Started,LSST BL 18-03.02C.08.03.01,Base LAN installed,"DLP-464, DMTC-7000-0085",,,11/30/2018 5:00:00 PM,
DLP-42,Not Started,LSST BL 18-03.02C.08.03.01.01,La Serena to Santiago Path Design Ready,DMTC-8000-0750,DM-2823,,9/28/2015 5:00:00 PM,
DLP-43,Not Started,LSST BL 18-03.02C.08.03.01.01,Fiber Delivery Ready,DMTC-8000-0760,DMTC-8000-0900,,12/16/2015 5:00:00 PM,
DLP-61,Not Started,LSST BL 18-03.02C.08.03.01.01,La Serena – Santiago link Ready,"DMTC-6800-1310, S17F",DMTC-8000-0836,,3/14/2018 5:00:00 PM,
DLP-44,Not Started,LSST BL 18-03.02C.08.03.01.01,La Serena to Santiago with test traffic AURA DWDM LSST Fiber,DMTC-8000-0826,DMTC-8000-0835,,3/2/2018 5:00:00 PM,
DLP-45,Not Started,LSST BL 18-03.02C.08.03.01.01,"Delivery of ""functional Pre-operations Link"" (at least 4Gbps), Ready",DMTC-8000-0910,DMTC-8000-0806,,4/15/2016 5:00:00 PM,
DLP-46,Not Started,LSST BL 18-03.02C.08.03.01.01,Full Capacity over Diverse path Ready,"DMTC-8000-0990, DMTC-6800-1340, S19F",,,7/2/2021 5:00:00 PM,
DMTC-8000-0760,Not Started,LSST BL 18-03.02C.08.03.01.01,Technical Implementation plan of fiber connection (primary link) - Complete,DMTC-8000-0755,"DMTC-8000-0765, DLP-43",,12/15/2015 5:00:00 PM,
DMTC-8000-0806,Not Started,LSST BL 18-03.02C.08.03.01.01,3T Fiber Installation Certification and Acceptance Test - Complete,"DMTC-8000-0805, DLP-45, DMTC-8000-0930",DMTC-8000-0807,,1/2/2017 5:00:00 PM,
DMTC-8000-0818,Not Started,LSST BL 18-03.02C.08.03.01.01,Acceptance Test with Equipment Installed - Complete,"DMTC-8000-0815, DMTC-8000-0816, DMTC-7400-2480",DMTC-8000-0819,,11/30/2017 5:00:00 PM,
DMTC-8000-0826,Not Started,LSST BL 18-03.02C.08.03.01.01,Intermediate traffic testing and report - Complete,DMTC-8000-0825,"DMTC-8000-0827, DLP-44, DMTC-6800-1310",,3/2/2018 5:00:00 PM,
DMTC-8000-0836,Not Started,LSST BL 18-03.02C.08.03.01.01,La Serena to Santiago with live traffic and uptime over LSST Lambda Ready - Complete,"DMTC-8000-0835, DLP-61",DMTC-8000-0837,,5/11/2018 5:00:00 PM,
DMTC-8000-0870,Not Started,LSST BL 18-03.02C.08.03.01.01,"Report on functional fiber, including uptime, 1st year functional milestone - Complete",DMTC-8000-0860,"DMTC-8000-0880, DMTC-6800-1320",,12/21/2018 5:00:00 PM,
DMTC-8000-0910,Not Started,LSST BL 18-03.02C.08.03.01.01,Delivery of 4Gbs link from La Serena to Santiago Ready - Complete,DMTC-8000-0900,"DMTC-8000-0920, DLP-45",,4/15/2016 5:00:00 PM,
DMTC-8000-0950,Not Started,LSST BL 18-03.02C.08.03.01.01,Technical Implementation Plan for 40Gbps diverse path - Complete,DMTC-8000-0940,DMTC-8000-0960,,3/12/2019 5:00:00 PM,
DMTC-8000-0990,Not Started,LSST BL 18-03.02C.08.03.01.01,Full capacity La Serena to Santiago over Primary link AND Secondary link - Complete,DMTC-8000-0980,"DMTC-8000-0995, DLP-46, DMTC-8100-2540, DMTC-6800-1340",,10/10/2019 5:00:00 PM,
DMTC-7400-2420,Not Started,LSST BL 18-03.02C.08.03.01.01,REUNA La Serena - Santiago DWDM equipment - Complete,DMTC-7400-2410,"DMTC-7400-2430, T&SC-140408-0100, DMTC-7400-2130, DMTC-6800-1310, DMTC-7400-2480",,7/31/2017 5:00:00 PM,
DMTC-7400-2510,Not Started,LSST BL 18-03.02C.08.03.01.01,REUNA La Serena - Santiago Optical Channel in operation - Complete,DMTC-7400-2480,DMTC-7400-2520,,11/30/2017 5:00:00 PM,
DMTC-7400-2480,Not Started,LSST BL 18-03.02C.08.03.01.01,AURA DWDM equipment in operation - Complete,DMTC-7400-2420,"DMTC-7400-2490, DMTC-7400-2510, DMTC-8000-0818",,10/30/2017 5:00:00 PM,
DMTC-7400-0815,Not Started,LSST BL 18-03.02C.08.03.01.01A,La Serena-Gatehouse path design Ready,DMTC-7400-0810,DMTC-7400-2000,,12/15/2015 5:00:00 PM,
DMTC-7400-2010,Not Started,LSST BL 18-03.02C.08.03.01.01A,Gatehouse to La Serena path design Ready - Complete,DMTC-7400-2000,"DMTC-7400-2020, DLP-41",,12/16/2015 5:00:00 PM,
DMTC-7400-2050,Not Started,LSST BL 18-03.02C.08.03.01.01A,Fiber delivery - Complete,DMTC-7400-2040,DMTC-7400-2060,,3/15/2016 5:00:00 PM,
DMTC-7400-2090,Not Started,LSST BL 18-03.02C.08.03.01.01A,"Report on functional fiber connections, including AURA equipment - Complete",DMTC-7400-2080,DMTC-7400-2100,,8/18/2017 5:00:00 PM,
DMTC-7400-2130,Not Started,LSST BL 18-03.02C.08.03.01.01A,End of commissioning.  Acceptance of fiber connection - Complete,"DMTC-7400-2330, DMTC-7400-2420, DMTC-7400-2120, DMTC-7400-2110","DMTC-7400-2140, DMTC-7400-2400, DLP-39",,11/30/2017 5:00:00 PM,
DLP-41,Not Started,LSST BL 18-03.02C.08.03.01.03,Mountain - Base Fiber Path Ready,"DMTC-7400-2170, DMTC-7400-2010",DMTC-7400-2180,,1/15/2016 5:00:00 PM,
DLP-37,Not Started,LSST BL 18-03.02C.08.03.01.03,Summits-Gatehouse Fiber Ready,DMTC-7400-2210,DMTC-7400-2110,,2/28/2017 5:00:00 PM,
DLP-40,Not Started,LSST BL 18-03.02C.08.03.01.03,Summits-Gatehouse Initial Capability Ready,"DMTC-7400-2250, DMTC-7400-2330, DMTC-6800-1310",DMTC-7400-2150,,3/14/2018 5:00:00 PM,
DMTC-7400-2170,Not Started,LSST BL 18-03.02C.08.03.01.03,Gatehouse to Summit contract signed; Design Ready - Complete,DMTC-7400-2160,"DMTC-7400-2180, DLP-41",,1/15/2016 5:00:00 PM,
DMTC-7400-2210,Not Started,LSST BL 18-03.02C.08.03.01.03,Fiber delivery by Telefonica - Complete,"DMTC-7400-2200, DMTC-7400-2205","DMTC-7400-2220, DMTC-7400-2240, DLP-37",,2/28/2017 5:00:00 PM,
DMTC-7400-2250,Not Started,LSST BL 18-03.02C.08.03.01.03,End of commissioning and Acceptance - Complete,DMTC-7400-2240,"DMTC-7400-2260, DLP-40, DMTC-6800-1310",,6/1/2017 5:00:00 PM,
DLP-65,Not Started,LSST BL 18-03.02C.08.03.01.04,Mountain - Base LSST and AURA DWM End Node Installation and Test Ready,"DMTC-7400-2330, DMTC-6800-1310","DMTC-7400-2270, T&SC-140408-0100",,3/14/2018 5:00:00 PM,
DLP-63,Not Started,LSST BL 18-03.02C.08.03.01.04,Vendor selection Ready,DMTC-7400-2290,DMTC-7400-2300,,6/1/2016 5:00:00 PM,
DMTC-7400-2290,Not Started,LSST BL 18-03.02C.08.03.01.04,Final Selection of equipment vendor - Complete,DMTC-7400-2280,"DMTC-7400-2300, DLP-63",,6/1/2016 5:00:00 PM,
DMTC-7400-2330,Not Started,LSST BL 18-03.02C.08.03.01.04,LSST and AURA summit to base DWDM equipment - Complete,"DMTC-7400-2321, DMTC-7400-2325","DMTC-7400-2340, DLP-40, DMTC-7400-2130, DLP-65",,9/29/2017 5:00:00 PM,
DLP-36,Not Started,LSST BL 18-03.02C.08.03.02.01,Santiago - Miami Early Integration Ready,"DMTC-8100-2090, DMTC-6800-1310, DMTC-8100-2112",DMTC-8100-2100,,6/29/2018 5:00:00 PM,
DMTC-8100-2010,Not Started,LSST BL 18-03.02C.08.03.02.01,First Data passed on 100G ring without errors - Complete,DMTC-8100-2000,DMTC-8100-2020,,10/1/2015 5:00:00 PM,
DMTC-8100-2050,Not Started,LSST BL 18-03.02C.08.03.02.01,100G ring operating at 95.0% availability - Complete,DMTC-8100-2040,DMTC-8100-2060,,9/28/2016 5:00:00 PM,
DMTC-8100-2090,Not Started,LSST BL 18-03.02C.08.03.02.01,100G ring operating at 97.0% availability - Complete,"DMTC-8100-2070, DMTC-8100-2085","DMTC-8100-2100, DLP-36, DMTC-8100-2120",,6/29/2018 5:00:00 PM,
DMTC-8100-2130,Not Started,LSST BL 18-03.02C.08.03.02.01,100G ring operating at 98.0% availability - Complete,"DMTC-8100-2120, DMTC-8100-2110","DMTC-8100-2140, DMTC-8100-2540, DMTC-6800-1320",,7/1/2019 5:00:00 PM,
DMTC-8100-2170,Not Started,LSST BL 18-03.02C.08.03.02.01,100G ring operating at 99.0% availability - Complete,"DMTC-8100-2160, DMTC-8100-2150","DMTC-8100-2180, DMTC-6800-1330",,7/2/2020 5:00:00 PM,
DMTC-8100-2210,Not Started,LSST BL 18-03.02C.08.03.02.01,100G ring operating at 99.99% availability - Complete,"DMTC-8100-2200, DMTC-8100-2190","DMTC-8100-2220, DMTC-6800-1340",,6/30/2021 5:00:00 PM,
DMTC-8100-2112,Not Started,LSST BL 18-03.02C.08.03.02.01,Miami - Boca Raton path diverse fiber - Complete,DMTC-8100-2085,"DMTC-8100-2114, DLP-36",,6/29/2018 5:00:00 PM,
DMTC-8100-2250,Not Started,LSST BL 18-03.02C.08.03.02.02,FIU-CIARA Management Contract Delivery #2 Complete,DMTC-8100-2240,DMTC-8100-2260,,9/30/2016 5:00:00 PM,
DMTC-8100-2290,Not Started,LSST BL 18-03.02C.08.03.02.02,FIU-CIARA Management Contract Delivery #3 Complete,"DMTC-8100-2280, DMTC-8100-2270","DMTC-8100-2300, DMTC-6800-1310",,9/29/2017 5:00:00 PM,
DMTC-8100-2330,Not Started,LSST BL 18-03.02C.08.03.02.02,FIU-CIARA Management Contract Delivery #4 Complete,"DMTC-8100-2320, DMTC-8100-2310",DMTC-8100-2340,,10/1/2018 8:01:00 AM,
DMTC-8100-2370,Not Started,LSST BL 18-03.02C.08.03.02.02,FIU-CIARA Management Contract Delivery #5 Complete,"DMTC-8100-2360, DMTC-8100-2350",DMTC-8100-2380,,10/1/2019 8:01:00 AM,
DMTC-8100-2410,Not Started,LSST BL 18-03.02C.08.03.02.02,FIU-CIARA Management Contract Delivery #6 Complete,"DMTC-8100-2400, DMTC-8100-2390",DMTC-8100-2420,,10/1/2020 8:01:00 AM,
DMTC-8100-2450,Not Started,LSST BL 18-03.02C.08.03.02.02,FIU-CIARA Management Contract Delivery #7 Complete,"DMTC-8100-2440, DMTC-8100-2230, DMTC-8100-2430",DMTC-8100-2460,,9/1/2021 5:00:00 PM,
DLP-33,Not Started,LSST BL 18-03.02C.08.03.02.03,Santiago - Boca Raton Full Integration Ready,"DMTC-8100-2530, DMTC-6800-1320, S18F",,,7/3/2019 5:00:00 PM,
DMTC-8100-2490,Not Started,LSST BL 18-03.02C.08.03.02.03,First light test report - Complete  Contract,"DMTC-8100-2480, DMTC-8100-2478","DMTC-8100-2500, DMTC-8100-2520, DMTC-8100-2500",,4/2/2018 5:00:00 PM,
DMTC-8100-2530,Not Started,LSST BL 18-03.02C.08.03.02.03,Data passing test report - Complete,"DMTC-8100-2520, DMTC-8100-2510","DLP-33, DMTC-8100-2540",,10/26/2018 5:00:00 PM,
DMTC-8100-2474,Not Started,LSST BL 18-03.02C.08.03.02.03,Agreement with Monet Cable Partner signed Complete,DMTC-8100-2473,"DMTC-8100-2476, DMTC-8100-2480",,6/30/2017 5:00:00 PM,
DLP-70,Not Started,LSST BL 18-03.02C.08.03.02.04,Miami - Chicago Early Integration Ready,"DMTC-8200-0510, DMTC-6800-1310",DMTC-8200-0550,,9/26/2018 5:00:00 PM,
DLP-69,Not Started,LSST BL 18-03.02C.08.03.02.04,Boca Raton - Chicago Early Integration Ready,"DMTC-8200-0510, DMTC-6800-1310",DMTC-8200-0550,,9/26/2018 5:00:00 PM,
DMTC-8200-0480,Not Started,LSST BL 18-03.02C.08.03.02.04,VLAN design finalized Miami-NCSA - Complete ,DMTC-8200-0475,DMTC-8200-0500,,4/24/2017 5:00:00 PM,
DMTC-8200-0510,Not Started,LSST BL 18-03.02C.08.03.02.04,ESNet Request - Complete,DMTC-8200-0500,"DLP-70, DLP-69",,9/26/2018 5:00:00 PM,
DMTC-8200-0600,Not Started,LSST BL 18-03.02C.08.03.02.04,ESNet Implementation Phase 1- Complete ,DMTC-8200-0550,"DLP-876, DLP-877, DMTC-8200-6010, DMTC-8100-2540",,9/30/2019 5:00:00 PM,
DLP-877,Not Started,LSST BL 18-03.02C.08.03.02.04,Miami - Chicago Full Integration Ready,"DMTC-8200-0600, DMTC-6800-1320, S19F","DMTC-8300-0300, DMTC-8300-0695",,9/30/2019 5:00:00 PM,
DLP-876,Not Started,LSST BL 18-03.02C.08.03.02.04,Boca Raton - Chicago Full Integration Ready,"DMTC-8200-0600, DMTC-6800-1320, S19F","DMTC-8300-0300, DMTC-8300-0695",,9/30/2019 5:00:00 PM,
DMTC-8200-6020,Not Started,LSST BL 18-03.02C.08.03.02.04,ESNet Implementation Phase 2- Complete,DMTC-8200-6010,"LSST-1580, DMTC-6800-1340",,9/30/2020 5:00:00 PM,
DM-NET-6,Not Started,LSST BL 18-03.02C.08.00,Summit LAN installed,T&SC-2600-1545,LDM-503-08,,3/5/2018 5:00:00 PM,
DLP-57,Not Started,LSST BL 18-03.02C.00,Mountain - Base Network Early Integration Ready,DM-NET-2,"CAMM6896, COMC-0620-2050",,3/27/2018 5:00:00 PM,
DLP-38,Not Started,LSST BL 18-03.02C.00,Mountain - Base Network Full System Integration Ready,"DLP-464, DMTC-6800-1320","DM-NET-5, COMC-0021",,7/3/2019 5:00:00 PM,
DLP-39,Not Started,LSST BL 18-03.02C.00,Mountain - Base Network Operations Ready,"DMTC-7400-2130, CAMM6896, DMTC-6800-1340, S20F",,,7/2/2021 5:00:00 PM,
DLP-532,Not Started,LSST BL 18-03.02C.00,Base Center Building Ready,"DMTC-0100-6850, DM-NET-2, T&SC-0400-1700",DMTC-6500-1100,,3/27/2018 5:00:00 PM,
DLP-528,Not Started,LSST BL 18-03.02C.00,Archive Site Ready for Equipment Configuration,DMTC-6300-0000,"DMTC-6300-0310, DMTC-6500-0200",9/29/2015 8:00:00 AM,,
DLP-536,Not Started,LSST BL 18-03.02C.00,Chilean Data Access Center Integration Complete,"DMTC-7800-0100, S21F",DMTC-8300-0400,,5/31/2021 5:00:00 PM,
DLP-526,Not Started,LSST BL 18-03.02C.00,Archive Center Integration Complete,"COMC-0620-2065, DMTC-8300-0235",COMC-1664,,8/7/2020 5:00:00 PM,
DLP-533,Not Started,LSST BL 18-03.02C.00,Base Center Integration Complete,DMTC-8300-0100,"COMC-1564, COMC-0100, COMC-0620-2090, CAMM6806, CAMM6836",,3/18/2019 5:00:00 PM,
DM-NET-1,Not Started,LSST BL 18-03.02C.00,Base - Archive Network Functional 1 Gbps,"DMTC-8000-0400, DMTC-8100-0400, DMTC-8200-0400, LSST-1440, DMTC-8000-0700",DMTC-8200-0500,,6/11/2015 5:00:00 PM,
DLP-531,Not Started,LSST BL 18-03.02C.00,Base - Archive Network Functional 100 + 40 Gbps,"DMTC-8200-0500, DMTC-8100-2540, F18F","COMC-0620-2065, COMC-0028",,1/10/2020 5:00:00 PM,
DM-NET-5,Not Started,LSST BL 18-03.02C.00,Base - Archive Network Functional 100 Gbps,"DMTC-0100-2500, DLP-464, DLP-38",COMC-0620-2240,,7/3/2019 5:00:00 PM,
DM-NET-2,Not Started,LSST BL 18-03.02C.00,Mountain - Base Network Functional 2 x 100 Gbps,"DLP-559, T&SC-0400-1700, DMTC-6800-1310","DLP-57, DLP-532",,3/27/2018 5:00:00 PM,
DLP-559,Not Started,LSST BL 18-03.02C.00,Mountain - Base Network Functional 1 Gbps,"DMTC-7400-0200, DMTC-0100-6800",DM-NET-2,,6/2/2015 5:00:00 PM,
DLP-541,Not Started,LSST BL 18-03.02C.00,LSE-68 Camera-DM Image data interfaces - Phase 3,DMTC-0100-6200,"DLP-557, COMC-1710",,7/5/2016 5:00:00 PM,
DLP-539,Not Started,LSST BL 18-03.02C.00,LSE-131 EPO-DM interface - Phase 3,"DMTC-0100-3250, DMTC-0100-6951","DLP-551, COMC-1055",,8/31/2018 5:00:00 PM,
DLP-544,Not Started,LSST BL 18-03.02C.00,LSE-72 OCS-DM master interface - Phase 3,"DMTC-0100-6500, DMTC-0100-7000","DLP-558, COMC-1970",,9/30/2016 5:00:00 PM,
DLP-537,Not Started,LSST BL 18-03.02C.00,Commissioning Cluster Ready at Base,DMTC-7000-0200,"COMC-1164, COMC-0620-2150",,1/10/2019 5:00:00 PM,
DLP-563,Not Started,LSST BL 18-03.02C.00,US Data Access Center Integration Complete,"DMTC-8300-0300, S21F",LSST-1580,,6/29/2021 5:00:00 PM,
DLP-552,Not Started,LSST BL 18-03.02C.00,"LSST Software Release 9.1 Complete, Ready for Full Camera","DLP-551, DLP-569, DMTC-0600-1505, DMTC-0600-0605, DMTC-6800-0605, DMTC-0600-1790, F19F","DLP-550, DMTC-0600-1600, DMTC-0600-0700, DMTC-6800-0700, DMTC-0600-1800",,9/3/2019 8:00:00 AM,
DLP-551,Not Started,LSST BL 18-03.02C.00,"LSST Software Release 8.1 Complete, Ready for Commissioning Camera","DLP-558, DLP-539, CAMM6995, DLP-568, DMTC-0600-1405, DMTC-0600-0505, DMTC-6800-0505, DMTC-0600-1770,","COMC-0100, DLP-552, DLP-553, DMTC-0600-1500, DMTC-0600-0600, DMTC-6800-0600, DMTC-0600-1780",,8/31/2018 5:00:00 PM,
DLP-558,Not Started,LSST BL 18-03.02C.00,LSST Software Release 7.1 Complete,"DLP-557, DLP-544, DMTC-0600-1305, DMTC-0600-0405, DMTC-4500-0505, DMTC-6800-0405, DMTC-0700-0505, F1","DLP-551, DLP-568, DMTC-0600-1400, DMTC-0600-0500, DMTC-6800-0500, DMTC-0700-0600, DMTC-0600-1760",,8/31/2017 5:00:00 PM,
DLP-550,Not Started,LSST BL 18-03.02C.00,"LSST Software Release 10.0/10.1 Complete, Ready for Science Verification","DLP-552, DMTC-0100-0010, DMTC-0600-1605, DMTC-0600-0705, DMTC-6800-0705, DMTC-0600-1810, F20F","COMC-0140, COMC-0620-2340, DMTC-0600-1700, DMTC-0600-0800, DMTC-0600-1820, DMTC-0600-1710, DMTC-6800",,8/31/2020 5:00:00 PM,
DLP-527,Not Started,LSST BL 18-03.02C.00,Archive Center Integration for Early Integration Complete,"COMC-0620-2240, DMTC-6300-0510, S19F",COMC-0100,,9/25/2019 5:00:00 PM,
DLP-562,Not Started,LSST BL 18-03.02C.00,US Data Access Center for Early Integration Complete,"S19F, DMTC-6400-0320",COMC-0100,,9/30/2019 5:00:00 PM,
DLP-554,Not Started,LSST BL 18-03.02C.00,LSST Software Release 4.0 Complete,"DMTC-0900-0155, CAMM6090, DMTC-2200-0055, CAMM6020","DLP-556, DMTC-1900-0790, DMTC-3400-0180, DMTC-5200-0180, DMTC-7000-0050, DMTC-0800-0545, DM-1826, DM",,9/2/2014 5:00:00 PM,
DLP-556,Not Started,LSST BL 18-03.02C.00,LSST Software Release 5.1 Complete,"DLP-554, DM-2048, DM-2052, DM-2054, DM-2055, DM-1231, DM-2026, DM-1910, DM-1912, DM-2025, DM-1904, D","DLP-557, DMTC-6700-0100, DMTC-6700-0200, DMTC-6700-0300, DMTC-6700-0400, DMTC-6900-0110, DLP-566, DM",,8/31/2015 5:00:00 PM,
DLP-557,Not Started,LSST BL 18-03.02C.00,LSST Software Release 6.1 Complete,"DLP-556, DLP-541, CAMM6965, CAMM7025, DLP-566, DMTC-0600-1205, DMTC-0600-0305, DMTC-4500-0405, DMTC-","DLP-558, DMTC-0600-1300, DMTC-0600-0400, DMTC-5400-0700, DMTC-6800-0400, DMTC-2500-0500, DM-7158, DM",,8/31/2016 5:00:00 PM,
DLP-553,Not Started,LSST BL 18-03.02C.00,LSST Software Release 9.0 Start,DLP-551,DLP-569,9/4/2018 8:00:00 AM,,
DLP-534,Not Started,LSST BL 18-03.02C.00,Base Infrastructure Ready for Shipment to Chile,DMTC-6500-0200,COMC-0620-2070,,9/26/2018 5:00:00 PM,
DLP-535,Not Started,LSST BL 18-03.02C.00,Chilean DAC Infrastructure Ready to Ship to Chile,DMTC-6600-0100,LSST-1580,,2/1/2021 5:00:00 PM,
DLP-538,Not Started,LSST BL 18-03.02C.00,LSE-130 Data items Exchanged between Cam & DM - Phase 3,"DMTC-0100-7050, DMTC-0000-3000, S17F, CAMM6960",,,5/31/2017 5:00:00 PM,
DLP-555,Not Started,LSST BL 18-03.02C.00,LSST Software Release 5.0 Complete,"DM-1244, DMTC-0600-1050, DMTC-0700-0200, DMTC-1600-0150, DM-1385, DMTC-2500-0200, DMTC-3200-0200, DM","DMTC-0600-1100, DMTC-0700-0300, DMTC-1600-0200, DMTC-2500-0300, DMTC-3200-0300, DMTC-4500-0300, DMTC",,2/26/2015 5:00:00 PM,
DLP-566,Not Started,LSST BL 18-03.02C.00,LSST Software Release 6.0 Complete,"DLP-556, DM-3543, DM-3880, DM-3882, DM-3871, DM-3870, DM-1111, DM-3578, DM-3581, DM-3583, DM-3585, D","DLP-557, DMTC-0600-1205, DMTC-0600-0305, DMTC-4500-0405, DMTC-5400-0505, DMTC-6800-0305, DMTC-0700-0",,2/29/2016 5:00:00 PM,
DLP-567,Not Started,LSST BL 18-03.02C.00,LSST Software Release 7.0 Complete,"DMTC-0600-1300, DMTC-0600-0400, DMTC-5400-0700, DMTC-6800-0400, DMTC-0700-0500, DMTC-0700-0501, S17F","DMTC-0600-1305, DMTC-0600-0405, DMTC-4500-0505, DMTC-6800-0405, DMTC-0700-0505, DMTC-6700-0120",,2/28/2017 5:00:00 PM,
DLP-568,Not Started,LSST BL 18-03.02C.00,LSST Software Release 8.0 Complete,"DLP-558, DMTC-0600-1400, DMTC-0600-0500, DMTC-6800-0500, DMTC-0600-1760, S18F","DLP-551, DMTC-0600-1405, DMTC-0600-0505, DMTC-6800-0505, DMTC-6500-0150, DMTC-0600-1770",,2/28/2018 5:00:00 PM,
DLP-569,Not Started,LSST BL 18-03.02C.00,LSST Software Release 9.0 Complete,"DLP-553, S19F","DLP-552, DMTC-0600-1505, DMTC-0600-0605, DMTC-6800-0605, DMTC-6300-0310, DMTC-6400-0300, DMTC-0600-1",,2/28/2019 5:00:00 PM,
DLP-570,Not Started,LSST BL 18-03.02C.00,LSST Software Release 10.0 Complete,"DMTC-0600-1600, DMTC-0600-0700, DMTC-6800-0700, DMTC-0600-1800, S20F","DMTC-0600-1605, DMTC-0600-0705, DMTC-6800-0705, DMTC-0600-1810",,3/2/2020 8:00:00 AM,
DMTC-0000-0020,Not Started,LSST BL 18-03.02C.00,LSST Software Release X16 Complete,"DM-5497, DM-5569, DM-3876, DM-4898, DM-5422, DM-5423, DM-3544, DM-5398, DM-5426, DM-5346, DM-5395, D","DM-6216, DM-6219, DM-6222, DM-6224, DM-6228, DM-6230, DM-6231, DM-6232, DM-6168, DM-6169, DM-6171, D",,5/31/2016 5:00:00 PM,
DMTC-0000-0030,Not Started,LSST BL 18-03.02C.00,LSST Software Release F16 Complete,"DM-6221, DM-6222, DM-6223, DM-6227, DM-6228, DM-6230, DM-6226, DM-6225, DM-2078, DM-6186, DM-3647, D","DLP-871, DLP-847, DLP-366, DLP-412, DM-8470, DM-8450, DM-7611, DM-8289, DM-8140, DM-8494, DM-8276, D",,11/30/2016 5:00:00 PM,
DMTC-0000-3000,Not Started,LSST BL 18-03.02C.00,LSST Software Release S17 Complete,"DMTC-0000-0030, DMTC-0600-1750, DM-6180, DM-6191, DM-6192, DM-6193, DM-6194, DM-6195, DM-6197, DM-61","DLP-736, DLP-538, DLP-472, DM-10099, DM-10134, DM-10135, DM-10176, DM-10181, DM-10387, DM-10635, DM-",,5/31/2017 5:00:00 PM,
F17S,Not Started,LSST BL 18-03.02C.00,F17 Start,"DLP-736, DM-8518, DM-9661, DM-9662, DM-9664",,6/1/2017 8:00:00 AM,,
F19S,Not Started,LSST BL 18-03.02C.00,F19 Start,,,6/3/2019 8:00:00 AM,,
F18S,Not Started,LSST BL 18-03.02C.00,F18 Start,,"AP-221, AP-67, DMTC-5500-0100",6/1/2018 8:00:00 AM,,
F20S,Not Started,LSST BL 18-03.02C.00,F20 Start,,,6/1/2020 8:00:00 AM,,
F21S,Not Started,LSST BL 18-03.02C.00,F21 Start,,,6/1/2021 8:00:00 AM,,
S17S,Not Started,LSST BL 18-03.02C.00,S17 Start,"DLP-871, DM-7905",,12/1/2016 8:00:00 AM,,
S19S,Not Started,LSST BL 18-03.02C.00,S19 Start,,AP-121,12/3/2018 8:00:00 AM,,
S18S,Not Started,LSST BL 18-03.02C.00,S18 Start,"DLP-207, DLP-205, DM-8727, DM-8770, DM-8351, DLP-808, DLP-725, DM-2036, DLP-799, DM-5111, DM-5112, D","AP-61, AP-100, AP-104, AP-108, AP-115, AP-98, AP-73, AP-217, AP-155, AP-167, AP-92, AP-126, AP-168,",12/1/2017 8:00:00 AM,,
S20S,Not Started,LSST BL 18-03.02C.00,S20 Start,,,12/2/2019 8:00:00 AM,,
S21S,Not Started,LSST BL 18-03.02C.00,S21 Start,,,12/1/2020 8:00:00 AM,,
S22S,Not Started,LSST BL 18-03.02C.00,S22 Start,,,12/1/2021 8:00:00 AM,,
F22S,Not Started,LSST BL 18-03.02C.00,F21 Start,,,11/30/2022 8:00:00 AM,,
S17F,Not Started,LSST BL 18-03.02C.00,S17 Complete,"DM-8276, DM-8292, DM-8481, DM-8486, DM-8483","DLP-473, DLP-152, DLP-472, DLP-538, DLP-567, DLP-61, DLP-736",,5/31/2017 5:00:00 PM,
S19F,Not Started,LSST BL 18-03.02C.00,S19 Complete,"SQ-QC-A-1, SQ-DS-X-1, DRP-PP-CPP-04, DRP-PP-CPP-06, DRP-PP-IMCHAR-04, DRP-PP-COADD-03, IPAC 020","DLP-46, DLP-527, DLP-562, DLP-569, DLP-876, DLP-877, SQ-QC-S-3, DRP-PP-CPP-07, DRP-PP-IMCHAR-02, DRP",,5/31/2019 5:00:00 PM,
S18F,Not Started,LSST BL 18-03.02C.00,S18 Complete,"SQ-DS-J-1, DMTC-6900-1000, DMTC-6900-2000, DMTC-6900-3000, DMTC-6900-4000, DMTC-6900-5000, DM-12276,","DLP-33, DLP-568, SQ-QC-V-1, DRP-PP-CPP-04, DRP-PP-CPP-05, DRP-PP-COADD-02, DRP-PP-COADD-03, DRP-PP-D",,5/31/2018 5:00:00 PM,
S20F,Not Started,LSST BL 18-03.02C.00,S20 Complete,"SQ-DS-J-2, DRP-PP-CPP-08, DRP-PP-COADD-04, DRP-PP-OBJCHAR-01, DRP-PP-OBJCHAR-02, DRP-PP-OBJCHAR-05,","DLP-39, DLP-570, SQ-DS-P-1, SQ-DS-N-1, DRP-PP-IMCHAR-06, DRP-PP-COADD-07, DRP-PP-OBJCHAR-04, IPAC 03",,6/1/2020 8:00:00 AM,
S21F,Not Started,LSST BL 18-03.02C.00,S21 Complete,"SQ-DS-J-3, DRP-PP-DET-07, DRP-PP-OBJCHAR-06, DRP-PP-OBJCHAR-10, DRP-PP-QA-03, DRP-PP-OBJCHAR-09","DLP-536, DLP-563",,5/31/2021 5:00:00 PM,
S22F,Not Started,LSST BL 18-03.02C.00,S22 Complete,"SQ-DS-J-5, SQ-DS-Z, SQ-DO-D-4, SQ-DO-H-1, SQ-DO-Z, DRP-PP-MAN-01, DRP-PP-MAN-02, DRP-PP-SOFT-01, DRP",DM-NCSA-26,,5/31/2022 5:00:00 PM,
F17F,Not Started,LSST BL 18-03.02C.00,F17 Complete,"DM-10770, DM-10771, DM-10773, DM-10768, DM-9632, DM-9633, DM-10769, DM-10774, DM-9184, DM-10382, DM-","DLP-205, DLP-207, DLP-222, DLP-368, DLP-406, DLP-344, DLP-352, DLP-433, DLP-442, DLP-457, DLP-458, D",,11/30/2017 5:00:00 PM,
F19F,Not Started,LSST BL 18-03.02C.00,F19 Complete,"SQ-QC-S-3, SQ-DO-R-2, DRP-PP-IMCHAR-02, DRP-PP-DET-01, DRP-PP-DET-02, DAX-031, DAX-032, DAX-033, DAX","DLP-552, SQ-QC-S-4, SQ-QC-Z, SQ-DS-Z, SQ-DO-H-1, DRP-PP-COADD-05, DRP-PP-COADD-06, DRP-PP-DET-07, DR",,12/2/2019 8:00:00 AM,
F18F,Not Started,LSST BL 18-03.02C.00,F18 Complete,"SQ-QC-V-1, SQ-DO-C-1, DRP-PP-CPP-03, DRP-PP-CPP-05, DRP-PP-IMCHAR-01, DRP-PP-COADD-01, DRP-PP-COADD-","DLP-464, DLP-466, DLP-531, DLP-551, SQ-QC-A-1, SQ-DS-X-1, SQ-DO-D-4, SQ-DO-Z, DRP-PP-CPP-06, DRP-PP-",,11/30/2018 5:00:00 PM,
F20F,Not Started,LSST BL 18-03.02C.00,F20 Complete,"SQ-DS-N-1, DRP-PP-DET-03, DAX-042, DAX-043, DAX-044, DAX-045, DAX-046, IPAC-mgmt, IPAC 022, IPAC 025","DLP-465, DLP-467, DLP-468, DLP-550, SQ-DS-R-1, DRP-PP-OBJCHAR-11, DM-NCSA-23",,11/30/2020 5:00:00 PM,
F21F,Not Started,LSST BL 18-03.02C.00,F21 Complete,"SQ-MGT, SQ-QC-S-4, SQ-QC-Z, SQ-DS-J-4, SQ-DS-P-1, SQ-DS-R-1, SQ-DO-S-1, SQ-DO-R-1, DRP-PP-IMCHAR-05,",DRP-PP-DET-06,,11/30/2021 5:00:00 PM,
F22S1,Not Started,LSST BL 18-03.02C.00,F21 Start,,,6/1/2022 8:00:00 AM,,
LDM-503-01,Not Started,LSST BL 18-03.02C.00,Test report: Science Platform with WISE data in PDAC,"DM-8727, DM-10853, DM-DAX-1, DM-DAX-2, DM-DAX-3, DM-DAX-4, DM-SQRE-1",LDM-503-07,,11/30/2017 5:00:00 PM,
LDM-503-02,Not Started,LSST BL 18-03.02C.00,Test report: HSC reprocessing,"DM-8721, DM-AP-1, DM-DAX-5, DM-DRP-1, DM-DRP-2, DM-NCSA-1, DM-NCSA-2, DM-NCSA-3","DM-NCSA-4, LDM-503-07",,11/30/2017 5:00:00 PM,
LDM-503-03,Not Started,LSST BL 18-03.02C.00,Test report: Alert generation validation,"DM-AP-1, DM-AP-2, DM-AP-3, DM-AP-4, DM-AP-5, DM-DAX-6",LDM-503-05,,11/30/2017 5:00:00 PM,
LDM-503-04,Not Started,LSST BL 18-03.02C.00,Test report: Aux Tel DAQ integration functionality test,"DM-DAX-7, DM-NCSA-4","CAMM6455, LDM-503-04b, LDM-503-10, EIA-17",,6/1/2018 8:00:00 AM,
LDM-503-05,Not Started,LSST BL 18-03.02C.00,Test report: Alert distribution validation,"DM-AP-6, DM-NCSA-8, DM-NCSA-9, LDM-503-03",LDM-503-11,,7/2/2018 5:00:00 PM,
LDM-503-06,Not Started,LSST BL 18-03.02C.00,Test report: DM ComCam interface verification readiness,"DM-AP-7, DM-DRP-3, DM-DRP-4, DM-NCSA-10, DM-NCSA-11, LSST-1200","T&SC-5900-0200, LDM-503-07, LDM-503-10",,11/30/2018 5:00:00 PM,
LDM-503-07,Not Started,LSST BL 18-03.02C.00,Test report: Camera data processing,"CAMM6995, DM-DRP-5, LDM-503-06, LDM-503-02, LDM-503-01","LSST-1470, LDM-503-09",,11/30/2018 5:00:00 PM,
LDM-503-08,Not Started,LSST BL 18-03.02C.00,Test report: Spectrograph data acquisition,"DM-AP-7, DM-DRP-6, DM-DRP-7, DM-DRP-8, DM-DRP-9, DM-NCSA-12, DM-NCSA-13, DM-NCSA-14, DM-NCSA-15, LDM","T&SC-6800-1464, LDM-503-11, LDM-503-10, EIA-27",,11/30/2018 5:00:00 PM,
LDM-503-09,Not Started,LSST BL 18-03.02C.00,Test report: Ops rehearsal for commissioning #1,"DM-AP-8, DM-AP-9, DM-DRP-10, DM-DRP-11, DM-DRP-12, DM-DRP-13, DM-DRP-14, DM-DRP-15, DM-DRP-16, DM-DR",LDM-503-11,,1/4/2019 5:00:00 PM,
LDM-503-10,Not Started,LSST BL 18-03.02C.00,Test report: DAQ validation,"LDM-503-08, LDM-503-04, LDM-503-06","LDM-503-12, CAMM6836, LDM-503-11a",,11/30/2018 5:00:00 PM,
LDM-503-11,Not Started,LSST BL 18-03.02C.00,Test report: Ops rehearsal for commissioning #2,"LDM-503-09, LDM-503-11a, DM-DRP-21, DM-DRP-22, DM-DRP-23, DM-DRP-26, DM-DAX-10, DM-AP-11, LDM-503-05","LDM-503-13, LDM-503-12",,10/31/2019 5:00:00 PM,
LDM-503-12,Not Started,LSST BL 18-03.02C.00,Test report: Ops rehearsal for commissioning #3,"LDM-503-10, LDM-503-11, DM-DRP-27, DM-DRP-28, DM-DRP-29, DM-DRP-30, DM-SQRE-3, DM-DRP-24, DM-DRP-20","LDM-503-14, LSST-1510, LDM-503-13",,1/31/2020 5:00:00 PM,
LDM-503-13,Not Started,LSST BL 18-03.02C.00,Test report: Ops rehearsal DRP (ComCam data),"LDM-503-11, LDM-503-12, DM-AP-12, DM-AP-13, DM-AP-14, DM-DRP-32, DM-DRP-33, DM-DRP-34, DM-DRP-35, DM",LDM-503-14,,11/30/2020 5:00:00 PM,
LDM-503-14,Not Started,LSST BL 18-03.02C.00,Test report: DM Software for Science Verification,"LDM-503-12, LDM-503-13, DM-AP-15, DM-SQRE-4, DM-DRP-33","LDM-503-15, COMC-0140",,11/30/2020 5:00:00 PM,
LDM-503-15,Not Started,LSST BL 18-03.02C.00,Test report: Full scale ops rehearsal,"LDM-503-14, DM-AP-16, DM-AP-17, DM-DRP-36, DM-NCSA-24, DM-NCSA-25, DM-SQRE-5, DM-DRP-31",LDM-503-16,,10/29/2021 5:00:00 PM,
LDM-503-16,Not Started,LSST BL 18-03.02C.00,Test report: Ops rehearsal DRP,"LDM-503-15, DM-NCSA-26",LDM-503-17,,5/31/2022 5:00:00 PM,
LDM-503-17,Not Started,LSST BL 18-03.02C.00,Test report: Verification Tests for Full DRP,LDM-503-16,LSST-1590,,5/31/2022 5:00:00 PM,
LDM-503-04b,Not Started,LSST BL 18-03.02C.00,Test report: Aux Tel DAQ interface Integration Verification and Spectrograph Operations Rehearsal,"LDM-503-04, DM-NCSA-5, DM-NCSA-6, DM-NCSA-7","LDM-503-08, EIA-19",,6/1/2018 8:00:00 AM,
LDM-503-11a,Not Started,LSST BL 18-03.02C.00,Test report: DM ComCam operations readiness,"DM-AP-10, DM-AP-2, DM-AP-3, DM-AP-6, LDM-503-10, DM-NCSA-20",LDM-503-11,,9/30/2019 5:00:00 PM,
LSST-1160,Not Started,LSST BL 18-03.02C.00,Header Service Integration,DM-NCSA-27,LSST-1190,,12/29/2017 5:00:00 PM,
LSST-1190,Not Started,LSST BL 18-03.02C.00,Control Interfaces Verification: Single Visit,"LSST-1160, DM-NCSA-28","LSST-1200, LSST-1220",,12/29/2017 5:00:00 PM,
LSST-1200,Not Started,LSST BL 18-03.02C.00,Interface Verification: Single Visit,"LSST-1190, DM-NCSA-29",LDM-503-06,,12/29/2017 5:00:00 PM,
LSST-1220,Not Started,LSST BL 18-03.02C.00,EFD ETL Under DM Control,"LSST-1190, DM-NCSA-30, DM-NCSA-31",DM-NCSA-12,,9/28/2018 5:00:00 PM,
DM-STAFF,Not Started,LSST BL 18-03.02C.00,Staffing Checkpoint,F19F,,,12/2/2019 8:00:00 AM,
NEWDM1,Not Started,LSST BL 18-03.02C.00,Support for DAQ to DM Files Pathfinder TEMP,,EIA-08,,1/1/2013 8:00:00 AM,
NEWDM2,Not Started,LSST BL 18-03.02C.00,Support for Main-Camera Pathfinder TEMP,,EIA-25,,1/1/2013 8:00:00 AM,
NEWDM3,Not Started,LSST BL 18-03.02C.00,Support for Main-Camera Pathfinder with Catch-up TEMP,,EIA-31,,1/1/2013 8:00:00 AM,
NEWDM4,Not Started,LSST BL 18-03.02C.00,Support for Large-scale DAQ Client Cluster at NSCA TEMP,,EIA-33,,1/1/2013 8:00:00 AM,
DM-SUIT-1,Not Started,LSST BL 18-03.02C.05,Search and display WISE sources (objects) in PDAC,"DM-DAX-1, DM-8493",,,11/30/2017 5:00:00 PM,
DM-SUIT-2,Not Started,LSST BL 18-03.02C.05,"Search WISE coaded data single exposure images in PDAC (the images are from IRSA at IPAC, not NCSA)","DM-DAX-2, DM-DAX-3, DM-8493",,,11/30/2017 5:00:00 PM,
DM-SUIT-3,Not Started,LSST BL 18-03.02C.05,Time series analysis tool for WISE data,DM-5946,,,9/30/2016 5:00:00 PM,
DM-SUIT-4,Not Started,LSST BL 18-03.02C.05,Multiple data traces in chart space,DM-8400,,,11/30/2017 5:00:00 PM,
DM-SUIT-5,Not Started,LSST BL 18-03.02C.05,Search and display processed HSC data,"DM-NCSA-2, DM-NCSA-3, DM-DAX-2, DM-DAX-3, DM-DAX-4, DM-DAX-5, DM-8721",,,11/30/2017 5:00:00 PM,
DM-SUIT-18,Not Started,LSST BL 18-03.02C.05,"Search and browse metadata, image cutout with mosaiking capabilities","DM-DAX-4, IPAC 002, IPAC 006",,,11/30/2018 5:00:00 PM,
DM-SUIT-6,Not Started,LSST BL 18-03.02C.05,LSSTCam data display and visualization,"IPAC 004, IPAC 005, IPAC 006",,,8/31/2018 5:00:00 PM,
DM-SUIT-7,Not Started,LSST BL 18-03.02C.05,Mapping between SUIT systems & NCSA auth system,IPAC 011,,,8/31/2018 5:00:00 PM,
DM-SUIT-8,Not Started,LSST BL 18-03.02C.05,SUIT portal integrated with workspace,IPAC 003,,,8/31/2018 5:00:00 PM,
DM-SUIT-9,Not Started,LSST BL 18-03.02C.05,Spectral data display,IPAC 006,,,8/31/2018 5:00:00 PM,
DM-SUIT-10,Not Started,LSST BL 18-03.02C.05,SUIT deployment procedure,IPAC 007,,,10/21/2019 5:00:00 PM,
DM-SUIT-11,Not Started,LSST BL 18-03.02C.05,"ComCam data search, display, and visualization","IPAC 015, IPAC 016, IPAC 017, IPAC 019",,,10/31/2019 5:00:00 PM,
DM-SUIT-12,Not Started,LSST BL 18-03.02C.05,Integrated SUIT portal with the notebook aspect of the Science Platform,"IPAC 018, IPAC 026",,,10/31/2019 5:00:00 PM,
DM-SUIT-13,Not Started,LSST BL 18-03.02C.05,Alert subscription (beta),"DM-AP-6, IPAC 020, IPAC 021",DM-SUIT-15,,10/31/2019 5:00:00 PM,
DM-SUIT-14,Not Started,LSST BL 18-03.02C.05,"All-sky visualization, including the single focal plane image visualization","IPAC 001, IPAC 023",DM-SUIT-15,,10/31/2019 5:00:00 PM,
DM-SUIT-15,Not Started,LSST BL 18-03.02C.05,Alert subscription,"DM-SUIT-13, DM-SUIT-14, IPAC 028, IPAC 042",,,11/30/2020 5:00:00 PM,
DM-SUIT-16,Not Started,LSST BL 18-03.02C.05,Commissioning DAC,"IPAC 031, IPAC 032, IPAC 033",,,5/29/2020 5:00:00 PM,
DM-SUIT-17,Not Started,LSST BL 18-03.02C.05,Alert search & display,"IPAC 042, DM-DAX-6",,,11/30/2020 5:00:00 PM,
DLP-578,Not Started,LSST BL 18-03.02C.05.05,Propose a workspace structure for discussion.,LSST-1440,DMTC-3000-0200,,8/1/2014 8:00:00 AM,
DLP-256,Not Started,LSST BL 18-03.02C.05.05,First draft definition of workspace,DM-1872,DM-3600,,7/31/2015 5:00:00 PM,
DLP-518,Not Started,LSST BL 18-03.02C.05.05,Evaluate best-of-breed tools. Technology exploration.,DM-1854,DM-1872,,3/20/2015 10:24:00 AM,
DLP-872,Not Started,LSST BL 18-03.02C.05.01,Convert major portion of GWT in Firefly to pure JavaScript,DM-3111,DM-4651,,2/24/2016 5:00:00 PM,
DLP-871,Not Started,LSST BL 18-03.02C.05.01,Firefly server side code refactor,DMTC-0000-0030,S17S,,11/30/2016 5:00:00 PM,
DLP-574,Not Started,LSST BL 18-03.02C.05.01,Evaluate best-of-breed tools. Technology exploration.,LSST-1440,DMTC-2600-0280,,8/1/2014 8:00:00 AM,
DLP-564,Not Started,LSST BL 18-03.02C.05.01,Able to use some data-access APIs developed by database team,DM-1160,DM-3469,,7/28/2015 5:00:00 PM,
DLP-521,Not Started,LSST BL 18-03.02C.05.01,Define the data access APIs with database team,DM-1848,DM-1877,,3/11/2015 8:48:00 AM,
DLP-520,Not Started,LSST BL 18-03.02C.05.01,Access Qserv for catalog search in SUI prototype,DM-1155,DMTC-2600-0290,,12/2/2014 11:12:00 AM,
DLP-519,Not Started,LSST BL 18-03.02C.05.01,Research the development framework for SUI,DM-1148,DM-1155,,10/14/2014 8:48:00 AM,
DLP-207,Not Started,LSST BL 18-03.02C.05.01,Extra LSST query capabilities in web UI,F17F,S18S,,11/30/2017 5:00:00 PM,
DLP-205,Not Started,LSST BL 18-03.02C.05.01,LSST web UI search external catalog,F17F,S18S,,11/30/2017 5:00:00 PM,
DLP-575,Not Started,LSST BL 18-03.02C.05.02,Evaluate best-of-breed tools. Technology exploration.,LSST-1440,DMTC-2700-0280,,8/1/2014 8:00:00 AM,
DLP-222,Not Started,LSST BL 18-03.02C.05.02,Provide time-domain data view,F17F,,,11/30/2017 5:00:00 PM,
DLP-218,Not Started,LSST BL 18-03.02C.05.02,Provide API for image display in Firefly,DM-2049,DM-3593,,8/31/2015 5:00:00 PM,
DLP-216,Not Started,LSST BL 18-03.02C.05.02,Provide basic APIs to use Firefly visualization components,"DM-2049, DM-1877",DM-3593,,8/31/2015 5:00:00 PM,
DLP-576,Not Started,LSST BL 18-03.02C.05.03,Evaluate best-of-breed tools. Technology exploration.,LSST-1440,DMTC-2800-0200,,8/1/2014 8:00:00 AM,
DLP-577,Not Started,LSST BL 18-03.02C.05.04,Evaluate best-of-breed tools. Technology exploration.,LSST-1440,DMTC-2900-0200,,8/1/2014 8:00:00 AM,
DM-AP-1,Not Started,LSST BL 18-03.02C.03,SFM1,DM-10773,"LDM-503-02, LDM-503-03, DM-AP-10",,8/31/2017 5:00:00 PM,
DM-AP-2,Not Started,LSST BL 18-03.02C.03,DIFF1,DM-10773,"DM-AP-11, LDM-503-03, LDM-503-11a",,8/31/2017 5:00:00 PM,
DM-AP-3,Not Started,LSST BL 18-03.02C.03,DIFFMEAS1,DM-10773,"DM-AP-13, LDM-503-03, LDM-503-11a",,8/31/2017 5:00:00 PM,
DM-AP-4,Not Started,LSST BL 18-03.02C.03,DIASource association,DM-10768,LDM-503-03,,8/31/2017 5:00:00 PM,
DM-AP-5,Not Started,LSST BL 18-03.02C.03,DIAObject generation,DM-10768,LDM-503-03,,8/31/2017 5:00:00 PM,
DM-AP-6,Not Started,LSST BL 18-03.02C.03,ALERTDIST1,"DM-NCSA-8, DM-NCSA-9, AP-73","LDM-503-05, DM-AP-14, LDM-503-11a, DM-SUIT-13",,7/2/2018 5:00:00 PM,
DM-AP-7,Not Started,LSST BL 18-03.02C.03,ISR1,"DM-DRP-4, AP-98","LDM-503-06, LDM-503-08, AP-97",,6/29/2018 5:00:00 PM,
DM-AP-8,Not Started,LSST BL 18-03.02C.03,ISR2,"DM-DRP-8, AP-97","LDM-503-09, AP-96",,1/4/2019 5:00:00 PM,
DM-AP-9,Not Started,LSST BL 18-03.02C.03,Jointcal at a functional (but not necessarily algorithmically complete) level.,AP-151,"DM-DRP-17, DM-DRP-21, LDM-503-09",,7/20/2018 5:00:00 PM,
DM-AP-10,Not Started,LSST BL 18-03.02C.03,SFM2,"DM-AP-1, AP-67",LDM-503-11a,,8/20/2019 5:00:00 PM,
DM-AP-11,Not Started,LSST BL 18-03.02C.03,DIFF2,"DM-AP-2, AP-155","DM-DRP-22, DM-DRP-28, DM-AP-12, LDM-503-11",,6/1/2018 8:00:00 AM,
DM-AP-12,Not Started,LSST BL 18-03.02C.03,DIFF3,"DM-AP-11, AP-220",LDM-503-13,,4/24/2019 5:00:00 PM,
DM-AP-13,Not Started,LSST BL 18-03.02C.03,DIFFMEAS2,"DM-AP-3, AP-119",LDM-503-13,,3/25/2020 5:00:00 PM,
DM-AP-14,Not Started,LSST BL 18-03.02C.03,ALERTDIST2,"DM-AP-6, AP-217",LDM-503-13,,6/15/2020 5:00:00 PM,
DM-AP-15,Not Started,LSST BL 18-03.02C.03,INTEGRATION1:  Integration done to the level that the alert distribution system can be fully integrated.  This excludes,AP-71,"DM-AP-16, LDM-503-14",,10/9/2019 5:00:00 PM,
DM-AP-16,Not Started,LSST BL 18-03.02C.03,INTEGRATION2: This is full integration of the alert production system within the production environment.  This includes,"DM-AP-15, AP-68",LDM-503-15,,9/3/2021 5:00:00 PM,
DM-AP-17,Not Started,LSST BL 18-03.02C.03,MOPS,"AP-178, AP-222","DM-DRP-36, LDM-503-15",,8/12/2021 5:00:00 PM,
DLP-276,Not Started,LSST BL 18-03.02C.03.04,Dipole measurement suite,"DM-3880, DLP-275",DM-4898,,1/22/2016 5:00:00 PM,
DLP-275,Not Started,LSST BL 18-03.02C.03.04,Deliver document on effects of DCR,DM-1990,DLP-276,,10/29/2015 5:00:00 PM,
DLP-642,Not Started,LSST BL 18-03.02C.03.01,Camera Team using DM code,DMTC-0800-0560,DM-3872,,12/10/2014 1:48:00 PM,
DLP-639,Not Started,LSST BL 18-03.02C.03.01,Re-design camera geometry classes,LSST-1440,DM-1113,,8/1/2014 8:00:00 AM,
DLP-644,Not Started,LSST BL 18-03.02C.03.08,Generalized Single Frame Astrometry Pipeline,DM-1149,DM-3544,,2/24/2015 5:00:00 PM,
DLP-638,Not Started,LSST BL 18-03.02C.03.05,Refactor AFW R&D Code,LSST-1440,DM-1112,,8/1/2014 8:00:00 AM,
DM-DRP-1,Not Started,LSST BL 18-03.02C.04,DRP-MS-INT-1,DM-8299,"DM-NCSA-1, DM-NCSA-16, LDM-503-02",,5/31/2017 5:00:00 PM,
DM-DRP-2,Not Started,LSST BL 18-03.02C.04,DRP-MS-QA-1,"DM-DAX-5, DM-NCSA-3, DM-10571",LDM-503-02,,11/30/2017 5:00:00 PM,
DM-DRP-3,Not Started,LSST BL 18-03.02C.04,DRP-MS-COADD-1,"DM-8289, DRP-PP-CPP-01","DM-DRP-37, LDM-503-06",,6/29/2018 5:00:00 PM,
DM-DRP-4,Not Started,LSST BL 18-03.02C.04,DRP-MS-CPP-6,DM-8299,"DM-AP-7, DM-DRP-20, LDM-503-06",,5/31/2017 5:00:00 PM,
DM-DRP-5,Not Started,LSST BL 18-03.02C.04,DRP-MS-CPP-3,DRP-PP-CPP-01,LDM-503-07,,6/29/2018 5:00:00 PM,
DM-DRP-6,Not Started,LSST BL 18-03.02C.04,DRP-MS-CPP-1,DM-10581,LDM-503-08,,8/31/2017 5:00:00 PM,
DM-DRP-7,Not Started,LSST BL 18-03.02C.04,DRP-MS-CPP-4,DRP-PP-CPP-02,LDM-503-08,,6/1/2018 8:00:00 AM,
DM-DRP-8,Not Started,LSST BL 18-03.02C.04,DRP-MS-CPP-5,DRP-PP-CPP-03,"DM-AP-8, LDM-503-08",,11/30/2018 5:00:00 PM,
DM-DRP-9,Not Started,LSST BL 18-03.02C.04,DRP-MS-CPP-9,DRP-PP-CPP-03,"DM-DRP-23, LDM-503-08",,11/30/2018 5:00:00 PM,
DM-DRP-10,Not Started,LSST BL 18-03.02C.04,DRP-MS-CPP-8,DRP-PP-CPP-05,LDM-503-09,,11/30/2018 5:00:00 PM,
DM-DRP-11,Not Started,LSST BL 18-03.02C.04,DRP-MS-OBJCHAR-8,"DM-DAX-5, S18F",LDM-503-09,,5/31/2018 5:00:00 PM,
DM-DRP-12,Not Started,LSST BL 18-03.02C.04,DRP-MS-IMCHAR-6,"DM-DAX-8, DRP-PP-IMCHAR-01",LDM-503-09,,11/30/2018 5:00:00 PM,
DM-DRP-13,Not Started,LSST BL 18-03.02C.04,DRP-MS-IMCHAR-2,"DM-DAX-8, DRP-PP-IMCHAR-01",LDM-503-09,,11/30/2018 5:00:00 PM,
DM-DRP-14,Not Started,LSST BL 18-03.02C.04,DRP-MS-OBJCHAR-9,DM-10382,LDM-503-09,,11/30/2017 5:00:00 PM,
DM-DRP-15,Not Started,LSST BL 18-03.02C.04,DRP-MS-COADD-3,"DM-DAX-9, DRP-PP-COADD-02",LDM-503-09,,11/30/2018 5:00:00 PM,
DM-DRP-16,Not Started,LSST BL 18-03.02C.04,DRP-MS-IMCHAR-1,DM-10584,LDM-503-09,,1/31/2018 5:00:00 PM,
DM-DRP-17,Not Started,LSST BL 18-03.02C.04,DRP-MS-IMCHAR-4,"DM-AP-9, S18F",LDM-503-09,,7/20/2018 5:00:00 PM,
DM-DRP-18,Not Started,LSST BL 18-03.02C.04,DRP-MS-DET-1,DM-10353,LDM-503-09,,11/30/2017 5:00:00 PM,
DM-DRP-19,Not Started,LSST BL 18-03.02C.04,DRP-MS-QA-2,DRP-PP-QA-01,LDM-503-09,,11/30/2018 5:00:00 PM,
DM-DRP-37,Not Started,LSST BL 18-03.02C.04,DRP-MS-COADD-2,"DM-DRP-3, DRP-PP-COADD-01",LDM-503-09,,11/30/2018 5:00:00 PM,
DM-DRP-21,Not Started,LSST BL 18-03.02C.04,DRP-MS-IMCHAR-5,"DM-AP-9, DM-DAX-8, DM-DAX-9, DRP-PP-IMCHAR-04",LDM-503-11,,5/31/2019 5:00:00 PM,
DM-DRP-22,Not Started,LSST BL 18-03.02C.04,DRP-MS-COADD-4,"DM-AP-11, DRP-PP-COADD-03",LDM-503-11,,5/31/2019 5:00:00 PM,
DM-DRP-23,Not Started,LSST BL 18-03.02C.04,DRP-MS-CPP-10,"DM-DRP-9, DRP-PP-CPP-06",LDM-503-11,,5/31/2019 5:00:00 PM,
DM-DRP-26,Not Started,LSST BL 18-03.02C.04,DRP-MS-DET-3,DRP-PP-DET-02,LDM-503-11,,10/31/2019 5:00:00 PM,
DM-DRP-20,Not Started,LSST BL 18-03.02C.04,DRP-MS-CPP-7,"DM-DRP-4, DRP-PP-CPP-04",LDM-503-12,,5/31/2019 5:00:00 PM,
DM-DRP-24,Not Started,LSST BL 18-03.02C.04,DRP-MS-IMCHAR-3,DRP-PP-IMCHAR-02,LDM-503-12,,11/27/2019 5:00:00 PM,
DM-DRP-27,Not Started,LSST BL 18-03.02C.04,DRP-MS-DET-2,DRP-PP-DET-01,LDM-503-12,,11/27/2019 5:00:00 PM,
DM-DRP-28,Not Started,LSST BL 18-03.02C.04,DRP-MS-COADD-5,"DM-AP-11, DRP-PP-COADD-04",LDM-503-12,,1/31/2020 5:00:00 PM,
DM-DRP-29,Not Started,LSST BL 18-03.02C.04,DRP-MS-OBJCHAR-3,DRP-PP-OBJCHAR-03,LDM-503-12,,11/30/2018 5:00:00 PM,
DM-DRP-30,Not Started,LSST BL 18-03.02C.04,DRP-MS-OBJCHAR-2,DRP-PP-OBJCHAR-02,LDM-503-12,,1/31/2020 5:00:00 PM,
DM-DRP-25,Not Started,LSST BL 18-03.02C.04,DRP-MS-OBJCHAR-1,"DM-DAX-10, DRP-PP-OBJCHAR-01",LDM-503-13,,5/29/2020 5:00:00 PM,
DM-DRP-32,Not Started,LSST BL 18-03.02C.04,DRP-MS-OBJCHAR-6,DM-10578,LDM-503-13,,3/30/2018 5:00:00 PM,
DM-DRP-34,Not Started,LSST BL 18-03.02C.04,DRP-MS-OBJCHAR-5,DRP-PP-OBJCHAR-05,LDM-503-13,,5/29/2020 5:00:00 PM,
DM-DRP-35,Not Started,LSST BL 18-03.02C.04,DRP-MS-DET-4,DRP-PP-DET-03,LDM-503-13,,11/30/2020 5:00:00 PM,
DM-DRP-33,Not Started,LSST BL 18-03.02C.04,DRP-MS-COADD-6,DRP-PP-COADD-02,"LDM-503-14, LDM-503-13",,11/30/2018 5:00:00 PM,
DM-DRP-31,Not Started,LSST BL 18-03.02C.04,DRP-MS-OBJCHAR-7,DRP-PP-OBJCHAR-06,LDM-503-15,,5/31/2021 5:00:00 PM,
DM-DRP-36,Not Started,LSST BL 18-03.02C.04,DRP-MS-OBJCHAR-4,"DM-AP-17, DRP-PP-OBJCHAR-04",LDM-503-15,,10/4/2021 5:00:00 PM,
DM-DRP-38,Not Started,LSST BL 18-03.02C.04,Camera package supporting the Commissioning Camera,DRP-PP-CPP-01,,,6/29/2018 5:00:00 PM,
DLP-486,Not Started,LSST BL 18-03.02C.04.05,Prototype merge & deduplication in tract & patch overlaps,DM-3622,DLP-566,,2/29/2016 5:00:00 PM,
DLP-103,Not Started,LSST BL 18-03.02C.04.05,Prototype multi-coadd peak association available,DM-3622,DLP-566,,2/29/2016 5:00:00 PM,
DLP-101,Not Started,LSST BL 18-03.02C.04.05,Prototype coadd detection available,DM-3568,DM-3622,,11/24/2015 5:00:00 PM,
DLP-100,Not Started,LSST BL 18-03.02C.04.05,Consistent multi-band deblending available,DM-3622,DLP-566,,2/29/2016 5:00:00 PM,
DLP-736,Not Started,LSST BL 18-03.02C.04.01,Performance and capability enhancements in support of catalog use cases,"DMTC-0000-3000, DM-1109, S17F",F17S,,5/31/2017 5:00:00 PM,
DLP-588,Not Started,LSST BL 18-03.02C.04.01,AFW R&D code refactored,LSST-1440,DM-1074,,8/1/2014 8:00:00 AM,
DLP-288,Not Started,LSST BL 18-03.02C.04.01,HSC merger complete,"DM-3568, DM-3560, DM-3628",DM-7330,,12/29/2015 5:00:00 PM,
DLP-73,Not Started,LSST BL 18-03.02C.04.01,Footprints redesigned and refactored,DM-3559,DM-3578,,11/24/2015 5:00:00 PM,
DLP-694,Not Started,LSST BL 18-03.02C.04.02,Prototype Brighter-Fatter correction available,DM-5401,DMTC-0000-0020,,5/31/2016 5:00:00 PM,
DLP-724,Not Started,LSST BL 18-03.02C.04.06,Forced per-epoch photometry,DM-1826,DM-1382,,9/12/2014 8:48:00 AM,
DLP-716,Not Started,LSST BL 18-03.02C.04.06,Fundamental flux measurements,DM-1826,DM-1382,,9/12/2014 8:48:00 AM,
DLP-715,Not Started,LSST BL 18-03.02C.04.06,Fundamental centroid and shape measurements,LSST-1440,DMTC-2200-0060,,8/1/2014 8:00:00 AM,
DLP-700,Not Started,LSST BL 18-03.02C.04.06,Galaxy shear fitting parameters available,"DM-3561, DM-1108",DM-1111,,12/4/2015 5:00:00 PM,
DLP-697,Not Started,LSST BL 18-03.02C.04.06,Single epoch CModel minimization,LSST-1440,DMTC-2200-0060,,8/1/2014 8:00:00 AM,
DLP-696,Not Started,LSST BL 18-03.02C.04.06,Single epoch Sersic model fitting,LSST-1440,DMTC-2200-0060,,8/1/2014 8:00:00 AM,
DLP-503,Not Started,LSST BL 18-03.02C.04.04,Prototype direct coaddition,DM-1108,DM-6176,,8/31/2015 5:00:00 PM,
DLP-502,Not Started,LSST BL 18-03.02C.04.04,Prototype image artifact identification available,DM-1108,DM-6176,,8/31/2015 5:00:00 PM,
DLP-152,Not Started,LSST BL 18-03.02C.04.04,Initial PSF-matched image coaddition available,"DM-8289, S17F",,,5/31/2017 5:00:00 PM,
DM-DAX-1,Not Started,LSST BL 18-03.02C.06,WISE data ingest to PDAC,DM-10682,"LDM-503-01, DM-SUIT-1",,11/30/2017 5:00:00 PM,
DM-DAX-2,Not Started,LSST BL 18-03.02C.06,"dbserv V1 API (TAP, w/ async. requests)",DM-10772,"LDM-503-01, DM-SUIT-2, DM-SUIT-5",,7/31/2017 5:00:00 PM,
DM-DAX-3,Not Started,LSST BL 18-03.02C.06,imgserv V1 API (SODA),DM-2107,"LDM-503-01, DM-SUIT-2, DM-SUIT-5",,11/30/2017 5:00:00 PM,
DM-DAX-4,Not Started,LSST BL 18-03.02C.06,metaserv V1 API (SIAv2),DM-4863,"LDM-503-01, DM-SUIT-5, DM-SUIT-18",,9/29/2017 5:00:00 PM,
DM-DAX-5,Not Started,LSST BL 18-03.02C.06,"Database ingest in support of HSC reprocessing (ie, large catalog ingest)",DM-2036,"DM-DRP-2, DM-NCSA-3, DM-DRP-11, LDM-503-02, DM-SUIT-5",,11/30/2017 5:00:00 PM,
DM-DAX-6,Not Started,LSST BL 18-03.02C.06,Prototype level 1 database,DM-2036,"DM-NCSA-9, LDM-503-03, DM-SUIT-17",,11/30/2017 5:00:00 PM,
DM-DAX-7,Not Started,LSST BL 18-03.02C.06,Butler interface to retrieve images from data backbone,DAX-047b,LDM-503-04,,6/1/2018 8:00:00 AM,
DM-DAX-11,Not Started,LSST BL 18-03.02C.06,Transformed EFD schema,DAX-016,"DM-NCSA-30, DM-NCSA-31",,12/1/2017 8:00:00 AM,
DM-DAX-8,Not Started,LSST BL 18-03.02C.06,Supertask-based system capable of efficient processing across a full focal plane.,DAX-056,"DM-DRP-12, DM-DRP-13, DM-DRP-21, LDM-503-09",,11/30/2018 5:00:00 PM,
DM-DAX-9,Not Started,LSST BL 18-03.02C.06,"Provenance system, details TBD.",DAX-026,"DM-DRP-15, DM-DRP-21, LDM-503-09",,11/30/2018 5:00:00 PM,
DM-DAX-10,Not Started,LSST BL 18-03.02C.06,Middleware support for multifit,DAX-054,"DM-DRP-25, LDM-503-11",,11/30/2018 5:00:00 PM,
DLP-836,Not Started,LSST BL 18-03.02C.06.02,New logging for DM,LSST-1440,DMTC-3500-0100,,8/1/2014 8:00:00 AM,
DLP-25,Not Started,LSST BL 18-03.02C.06.02,Prototype Web Service for SUI,DM-1889,DM-2404,,8/31/2015 5:00:00 PM,
DLP-837,Not Started,LSST BL 18-03.02C.06.02.01,AP-ready Butler Framework,"DM-4340, DM-8469, DM-6067, DM-2107",F17F,,11/30/2017 5:00:00 PM,
DLP-835,Not Started,LSST BL 18-03.02C.06.02.03,New xrootd client,DLP-834,DMTC-3700-0100,,8/1/2014 8:00:00 AM,
DLP-834,Not Started,LSST BL 18-03.02C.06.02.03,Automated Testbed for Qserv,LSST-1440,DLP-835,,8/1/2014 8:00:00 AM,
DLP-818,Not Started,LSST BL 18-03.02C.06.02.03,CSS,DM-1046,DM-1036,,11/25/2014 5:00:00 PM,
DLP-817,Not Started,LSST BL 18-03.02C.06.02.03,Multi-node Multi-query Integration Testing Harness,DM-1227,DM-1706,,5/29/2015 5:00:00 PM,
DLP-805,Not Started,LSST BL 18-03.02C.06.02.03,Distributed Database and Table Management,"DM-1703, DM-2882, DM-1036, DM-2802",DM-1648,,10/29/2015 5:00:00 PM,
DLP-801,Not Started,LSST BL 18-03.02C.06.02.03,Qserv uses C++-based Geometry Code,DM-214,DM-1036,,11/25/2014 5:00:00 PM,
DLP-649,Not Started,LSST BL 18-03.02C.06.02.03,Shared Scans,DM-2077,DM-4809,,2/24/2016 5:00:00 PM,
DLP-635,Not Started,LSST BL 18-03.02C.06.02.03,Qserv Query Cancellation,DM-3263,,,11/25/2015 5:00:00 PM,
DLP-473,Not Started,LSST BL 18-03.02C.06.02.03,Async Queries in Qserv,"DM-2136, DM-1038, S17F, F17F",DLP-725,,11/30/2017 5:00:00 PM,
DLP-472,Not Started,LSST BL 18-03.02C.06.02.03,Qserv Data Distribution,"DM-1060, DM-1959, DMTC-0000-3000, DM-7480, DM-5468, DM-8473, DM-8433, DM-8531, DM-3158, S17F",DM-10681,,5/31/2017 5:00:00 PM,
DLP-808,Not Started,LSST BL 18-03.02C.06.01.01,AP-ready Provenance,"DLP-802, F17F",S18S,,11/30/2017 5:00:00 PM,
DLP-802,Not Started,LSST BL 18-03.02C.06.01.01,AP/L1 Database Design,DM-6222,DLP-808,,11/30/2016 5:00:00 PM,
DLP-800,Not Started,LSST BL 18-03.02C.06.01.01,Data Ingest into MySQL,DM-1711,DM-2042,,5/29/2015 5:00:00 PM,
DLP-725,Not Started,LSST BL 18-03.02C.06.01.01,Working Prototype of AP/L1 Database,"F17F, DLP-473",S18S,,11/30/2017 5:00:00 PM,
DLP-799,Not Started,LSST BL 18-03.02C.06.01.02,AP-ready Image and File Archive,F17F,S18S,,11/30/2017 5:00:00 PM,
DLP-579,Not Started,LSST BL 18-03.02C.09,Usability and developer efficiency,DMTC-6800-0305,DLP-557,,8/31/2016 5:00:00 PM,
DLP-346,Not Started,LSST BL 18-03.02C.10.02,SQuaSH Prototype using existing architectural components deployed,DMTC-0300-0375,DM-7605,,8/31/2016 5:00:00 PM,
DLP-345,Not Started,LSST BL 18-03.02C.10.02,Prototype metrics collection system deployed,DM-3858,DM-5420,,2/29/2016 5:00:00 PM,
DLP-344,Not Started,LSST BL 18-03.02C.10.02,Release SQuaSH-in-a-box automated deployment platform,"DM-7605, DM-8482, DM-8477, DM-8478, F17F, DM-9651",,,11/30/2017 5:00:00 PM,
DLP-342,Not Started,LSST BL 18-03.02C.10.02,Publish updated introductory software guide to developing with the stack,"DM-3857, DLP-340",,,12/29/2015 11:12:00 AM,
DLP-341,Not Started,LSST BL 18-03.02C.10.02,Deploy stack user support and discussion forum,"DM-3857, DLP-340",,,12/29/2015 11:12:00 AM,
DLP-340,Not Started,LSST BL 18-03.02C.10.02,Operating system testing for public stack releases increased,DM-2054,"DLP-341, DLP-342",,8/31/2015 5:00:00 PM,
DLP-352,Not Started,LSST BL 18-03.02C.10.02,Metrics of Interest integrated in running stack or post-tests,"DM-7573, DM-8487, DM-8484, F17F, DM-12002",S18S,,11/30/2017 5:00:00 PM,
DLP-351,Not Started,LSST BL 18-03.02C.10.02,Intermediate Performance Metrics routinelly calculated and published,DM-3858,DM-5420,,2/29/2016 5:00:00 PM,
DLP-337,Not Started,LSST BL 18-03.02C.10.02,Release new stack documentation infrastructure,"DM-3865, DLP-334",,,2/24/2016 5:00:00 PM,
DLP-334,Not Started,LSST BL 18-03.02C.10.02,SQuaRE release improved or changed CI system,DM-2047,DLP-337,,8/31/2015 5:00:00 PM,
DM-SQRE-1,Not Started,LSST BL 18-03.02C.10.02,Project internal Jupyter notebook service,DM-10744,"DM-SQRE-2, LDM-503-01",,8/31/2017 5:00:00 PM,
DM-SQRE-2,Not Started,LSST BL 18-03.02C.10.02,Commissioning notebooks running on the commissioning cluster,"DM-SQRE-1, DM-NCSA-12, SQ-DS-J-2","DM-SQRE-3, LDM-503-09",,11/30/2018 5:00:00 PM,
DM-SQRE-3,Not Started,LSST BL 18-03.02C.10.02,Hardened Jupyter deployment on Commissioning Cluster,"DM-SQRE-2, SQ-DS-J-3","DM-SQRE-4, LDM-503-12",,8/5/2019 5:00:00 PM,
DM-SQRE-4,Not Started,LSST BL 18-03.02C.10.02,Notebook service ready for verification & validation,"DM-SQRE-3, SQ-DS-J-4",LDM-503-14,,2/10/2020 5:00:00 PM,
DM-SQRE-5,Not Started,LSST BL 18-03.02C.10.02,Notebook service ready for general science users,SQ-DS-J-5,LDM-503-15,,8/7/2020 5:00:00 PM,